{"cameraMode":{"drawMode":0,"name":"Shaded","section":"Shading Mode"},"sceneLighting":true,"audioPlay":false,"sceneViewState":{"showFog":true,"showMaterialUpdate":true,"showSkybox":true,"showFlares":true,"showImageEffects":true,"showParticleSystems":true},"in2DMode":false,"pivot":{"x":-5.112290859222412,"y":-2.7498302459716799,"z":-1.4843034744262696},"rotation":{"x":0.44834238290786745,"y":0.07093050330877304,"z":-0.035718485713005069,"w":0.8903267979621887},"size":12.0671968460083,"orthographic":false}