{"cameraMode":{"drawMode":0,"name":"Shaded","section":"Shading Mode"},"sceneLighting":false,"audioPlay":false,"sceneViewState":{"showFog":true,"showMaterialUpdate":true,"showSkybox":false,"showFlares":true,"showImageEffects":true,"showParticleSystems":true},"in2DMode":false,"pivot":{"x":-2.9802322387695315e-8,"y":0.06074520945549011,"z":0.0},"rotation":{"x":0.26749691367149355,"y":0.4574352502822876,"z":-0.14645162224769593,"w":0.8353233933448792},"size":0.6642215847969055,"orthographic":true}