{"cameraMode":{"drawMode":0,"name":"Shaded","section":"Shading Mode"},"sceneLighting":false,"audioPlay":false,"sceneViewState":{"showFog":true,"showMaterialUpdate":true,"showSkybox":false,"showFlares":true,"showImageEffects":true,"showParticleSystems":true},"in2DMode":false,"pivot":{"x":-0.6475222110748291,"y":0.566070556640625,"z":0.1972208023071289},"rotation":{"x":-0.3113110363483429,"y":0.036192089319229129,"z":-0.011865921318531037,"w":-0.9495468139648438},"size":3.917257785797119,"orthographic":false}