{"cameraMode":{"drawMode":0,"name":"Shaded","section":"Shading Mode"},"sceneLighting":false,"audioPlay":false,"sceneViewState":{"showFog":true,"showMaterialUpdate":true,"showSkybox":false,"showFlares":true,"showImageEffects":true,"showParticleSystems":true},"in2DMode":false,"pivot":{"x":590.1312866210938,"y":275.59613037109377,"z":-16.070377349853517},"rotation":{"x":0.006078511010855436,"y":-0.8153427243232727,"z":0.008561414666473866,"w":0.5788838267326355},"size":22.731184005737306,"orthographic":false}