{"cameraMode":{"drawMode":0,"name":"Shaded","section":"Shading Mode"},"sceneLighting":false,"audioPlay":false,"sceneViewState":{"showFog":true,"showMaterialUpdate":true,"showSkybox":false,"showFlares":true,"showImageEffects":true,"showParticleSystems":true},"in2DMode":false,"pivot":{"x":-0.0075837671756744389,"y":1.2364200353622437,"z":-0.638715386390686},"rotation":{"x":-0.19900429248809815,"y":-0.509385347366333,"z":0.12239465862512589,"w":-0.8282182216644287},"size":28.03030776977539,"orthographic":false}