{"cameraMode":{"drawMode":0,"name":"Shaded","section":"Shading Mode"},"sceneLighting":true,"audioPlay":false,"sceneViewState":{"showFog":true,"showMaterialUpdate":true,"showSkybox":true,"showFlares":true,"showImageEffects":true,"showParticleSystems":true},"in2DMode":false,"pivot":{"x":3.8109333515167238,"y":0.11304555088281632,"z":2.058896780014038},"rotation":{"x":-0.2551952302455902,"y":-0.0429161936044693,"z":0.011338543146848679,"w":-0.965872049331665},"size":5.6376471519470219,"orthographic":false}