{"cameraMode":{"drawMode":0,"name":"Shaded","section":"Shading Mode"},"sceneLighting":false,"audioPlay":false,"sceneViewState":{"showFog":true,"showMaterialUpdate":true,"showSkybox":false,"showFlares":true,"showImageEffects":true,"showParticleSystems":true},"in2DMode":false,"pivot":{"x":-0.0075837671756744389,"y":1.2364200353622437,"z":-0.638715386390686},"rotation":{"x":-0.15197160840034486,"y":-0.8162992000579834,"z":0.24876762926578523,"w":-0.49867430329322817},"size":1.7924760580062867,"orthographic":false}